--USE sekolah
 
DELETE FROM prestasi
DELETE FROM nilai
DELETE FROM capaian
DELETE FROM jadwal
DELETE FROM pengembangan_diri
DELETE FROM kehadiran
DELETE FROM mengajar
DELETE FROM walikelas
DELETE FROM ambil_kelas
DELETE FROM kelas
DELETE FROM guru
DELETE FROM kegiatan
DELETE FROM mapel
DELETE FROM kel_mapel
DELETE FROM siswa

INSERT INTO kel_mapel (kode, nama, deskripsi) VALUES ('km1', 'Kelompok A', 'Wajib')
INSERT INTO kel_mapel (kode, nama, deskripsi) VALUES ('km2', 'Kelompok B', 'Wajib')
INSERT INTO kel_mapel (kode, nama, deskripsi) VALUES ('km3', 'Kelompok C', 'Ekstrakurikuler')

INSERT INTO mapel (kode, kode_kelompok, nama, singkatan, kkm) VALUES ('m1', 'km1', 'Matematika', 'MTK', 75)
INSERT INTO mapel (kode, kode_kelompok, nama, singkatan, kkm) VALUES ('m2', 'km1', 'Bahasa Indonesia', 'Bindo', 75)
INSERT INTO mapel (kode, kode_kelompok, nama, singkatan, kkm) VALUES ('m3', 'km1', 'Olahraga', 'Olg', 75)
INSERT INTO mapel (kode, kode_kelompok, nama, singkatan, kkm) VALUES ('m4', 'km2', 'Prakarya', 'Prk', 75)

INSERT INTO kelas (kode, nama, tingkat) VALUES ('kelas1', 'XII A', 'XII')
INSERT INTO kelas (kode, nama, tingkat) VALUES ('kelas2', 'XII B', 'XII')
INSERT INTO kelas (kode, nama, tingkat) VALUES ('kelas3', 'XII C', 'XII')
INSERT INTO kelas (kode, nama, tingkat) VALUES ('kelas4', 'XIII A', 'XIII')
INSERT INTO kelas (kode, nama, tingkat) VALUES ('kelas5', 'XIII B', 'XIII')
INSERT INTO kelas (kode, nama, tingkat) VALUES ('kelas6', 'XIII C', 'XIII')
INSERT INTO kelas (kode, nama, tingkat) VALUES ('kelas7', 'IX A', 'IX')
INSERT INTO kelas (kode, nama, tingkat) VALUES ('kelas8', 'IX B', 'IX')
INSERT INTO kelas (kode, nama, tingkat) VALUES ('kelas9', 'IX C', 'IX')

INSERT INTO siswa (nis, nisn, nama, jk, tempat_lahir, tgl_lahir , alamat, no_hp, agama) VALUES ('1234', '00000001', 'Carloz', 0, 'Solo', '12-12-2000', 'Surakarta', '08123456789', 'islam')
INSERT INTO siswa (nis, nisn, nama, jk, tempat_lahir, tgl_lahir , alamat, no_hp, agama) VALUES ('1235', '00000002', 'Stepen', 0, 'Semarang', '12-12-2000', 'Surakarta', '08123456781', 'islam')
INSERT INTO siswa (nis, nisn, nama, jk, tempat_lahir, tgl_lahir , alamat, no_hp, agama) VALUES ('1236', '00000003', 'John', 1, 'Jakarta', '12-12-2001', 'Jakarta', '08123456782', 'kristen')
INSERT INTO siswa (nis, nisn, nama, jk, tempat_lahir, tgl_lahir , alamat, no_hp, agama) VALUES ('1237', '00000004', 'Markus', 1, 'Solo', '12-12-2002', 'Surakarta', '08123456783', 'islam')
INSERT INTO siswa (nis, nisn, nama, jk, tempat_lahir, tgl_lahir , alamat, no_hp, agama) VALUES ('1238', '00000005', 'Gunduls', 0, 'Surabaya', '12-12-2000', 'Surakarta', '08123456784', 'islam')
INSERT INTO siswa (nis, nisn, nama, jk, tempat_lahir, tgl_lahir , alamat, no_hp, agama) VALUES ('1239', '00000006', 'Soap', 1, 'Solo', '12-12-2000', 'Surakarta', '08123456785', 'islam')
INSERT INTO siswa (nis, nisn, nama, jk, tempat_lahir, tgl_lahir , alamat, no_hp, agama) VALUES ('1240', '00000030', 'Stt', 0, 'Solo', '12-12-2000', 'Surakarta', '08123456789', 'islam')
INSERT INTO siswa (nis, nisn, nama, jk, tempat_lahir, tgl_lahir , alamat, no_hp, agama) VALUES ('1241', '00000007', 'Stefani', 0, 'Solo', '12-12-2000', 'Surakarta', '08123456789', 'islam')
INSERT INTO siswa (nis, nisn, nama, jk, tempat_lahir, tgl_lahir , alamat, no_hp, agama) VALUES ('1242', '00000008', 'Johanson', 0, 'Semarang', '12-12-2000', 'Surakarta', '08123456781', 'islam')
INSERT INTO siswa (nis, nisn, nama, jk, tempat_lahir, tgl_lahir , alamat, no_hp, agama) VALUES ('1243', '00000009', 'Greg', 1, 'Jakarta', '12-12-2000', 'Jakarta', '08123456782', 'kristen')
INSERT INTO siswa (nis, nisn, nama, jk, tempat_lahir, tgl_lahir , alamat, no_hp, agama) VALUES ('1244', '00000010', 'Sherlock', 1, 'Solo', '12-12-2000', 'Surakarta', '08123456783', 'islam')
INSERT INTO siswa (nis, nisn, nama, jk, tempat_lahir, tgl_lahir , alamat, no_hp, agama) VALUES ('1245', '00000011', 'Holmes', 0, 'Surabaya', '12-12-2001', 'Surakarta', '08123456784', 'islam')
INSERT INTO siswa (nis, nisn, nama, jk, tempat_lahir, tgl_lahir , alamat, no_hp, agama) VALUES ('1246', '00000012', 'Naruto', 1, 'Solo', '12-12-2000', 'Surakarta', '08123456785', 'islam')
INSERT INTO siswa (nis, nisn, nama, jk, tempat_lahir, tgl_lahir , alamat, no_hp, agama) VALUES ('1247', '00000013', 'Sasuke', 0, 'Solo', '12-12-2002', 'Surakarta', '08123456789', 'islam')
INSERT INTO siswa (nis, nisn, nama, jk, tempat_lahir, tgl_lahir , alamat, no_hp, agama) VALUES ('1248', '00000014', 'Sakura', 0, 'Semarang', '12-12-2001', 'Surakarta', '08123456781', 'islam')
INSERT INTO siswa (nis, nisn, nama, jk, tempat_lahir, tgl_lahir , alamat, no_hp, agama) VALUES ('1249', '00000015', 'Kakasi', 1, 'Jakarta', '12-12-2000', 'Jakarta', '08123456782', 'kristen')
INSERT INTO siswa (nis, nisn, nama, jk, tempat_lahir, tgl_lahir , alamat, no_hp, agama) VALUES ('1250', '00000016', 'Lee', 1, 'Solo', '12-12-2000', 'Surakarta', '08123456783', 'islam')
INSERT INTO siswa (nis, nisn, nama, jk, tempat_lahir, tgl_lahir , alamat, no_hp, agama) VALUES ('1251', '00000017', 'Iruka', 0, 'Surabaya', '12-12-2000', 'Surakarta', '08123456784', 'islam')
INSERT INTO siswa (nis, nisn, nama, jk, tempat_lahir, tgl_lahir , alamat, no_hp, agama) VALUES ('1252', '00000018', 'Conan', 1, 'Solo', '12-12-2000', 'Surakarta', '08123456785', 'hindu')
INSERT INTO siswa (nis, nisn, nama, jk, tempat_lahir, tgl_lahir , alamat, no_hp, agama) VALUES ('1253', '00000019', 'Genta', 0, 'Solo', '12-12-2001', 'Surakarta', '08123456789', 'hindu')
INSERT INTO siswa (nis, nisn, nama, jk, tempat_lahir, tgl_lahir , alamat, no_hp, agama) VALUES ('1254', '00000020', 'Ran', 0, 'Semarang', '12-12-2002', 'Surakarta', '08123456781', 'hindu')
INSERT INTO siswa (nis, nisn, nama, jk, tempat_lahir, tgl_lahir , alamat, no_hp, agama) VALUES ('1255', '00000023', 'Heiji', 1, 'Jakarta', '12-12-2000', 'Jakarta', '08123456782', 'kristen')
INSERT INTO siswa (nis, nisn, nama, jk, tempat_lahir, tgl_lahir , alamat, no_hp, agama) VALUES ('1256', '00000024', 'Watson', 1, 'Solo', '12-12-2001', 'Surakarta', '08123456783', 'islam')
INSERT INTO siswa (nis, nisn, nama, jk, tempat_lahir, tgl_lahir , alamat, no_hp, agama) VALUES ('1257', '00000025', 'Lestrad', 0, 'Surabaya', '12-12-2000', 'Surakarta', '08123456784', 'islam')
INSERT INTO siswa (nis, nisn, nama, jk, tempat_lahir, tgl_lahir , alamat, no_hp, agama) VALUES ('1258', '00000026', 'Moriarti', 1, 'Solo', '12-12-2000', 'Surakarta', '08123456785', 'islam')
INSERT INTO siswa (nis, nisn, nama, jk, tempat_lahir, tgl_lahir , alamat, no_hp, agama) VALUES ('1259', '00000027', 'Akai', 0, 'Solo', '12-12-2002', 'Surakarta', '08123456789', 'islam')
INSERT INTO siswa (nis, nisn, nama, jk, tempat_lahir, tgl_lahir , alamat, no_hp, agama) VALUES ('1260', '00000028', 'Jodie', 0, 'Semarang', '12-12-2000', 'Surakarta', '08123456781', 'islam')
INSERT INTO siswa (nis, nisn, nama, jk, tempat_lahir, tgl_lahir , alamat, no_hp, agama) VALUES ('1261', '00000029', 'Woodie', 1, 'Jakarta', '12-12-2000', 'Jakarta', '08123456782', 'kristen')

INSERT INTO prestasi (id, nis, nama, tingkat, tanggal) VALUES (1, '1234', 'Juara 1 Lomba Makan', 'Nasional', '12-12-2022')
INSERT INTO prestasi (id, nis, nama, tingkat, tanggal) VALUES (2, '1234', 'Juara 3 Lomba Makan', 'Nasional', '12-12-2022')
INSERT INTO prestasi (id, nis, nama, tingkat, tanggal) VALUES (3, '1235', 'Juara 1 Lomba Nari', 'Nasional', '12-12-2022')
INSERT INTO prestasi (id, nis, nama, tingkat, tanggal) VALUES (4, '1235', 'Juara 1 Lomba Senam', 'Nasional', '12-12-2022')

INSERT INTO guru (nuptk, nama, email, jk, tempat_lahir, tanggal_lahir, alamat, no_hp, agama) VALUES ('555551', 'Guru A', 'gurua@gmail.com', 1, 'Solo', '12-12-1980', 'Semarang', '08123456', 'islam')
INSERT INTO guru (nuptk, nama, email, jk, tempat_lahir, tanggal_lahir, alamat, no_hp, agama) VALUES ('555552', 'Guru B', 'gurub@gmail.com', 0, 'Demak', '12-12-1980', 'Solo', '08123457', 'islam')
INSERT INTO guru (nuptk, nama, email, jk, tempat_lahir, tanggal_lahir, alamat, no_hp, agama) VALUES ('555553', 'Guru C', 'guruc@gmail.com', 0, 'Jogja', '12-12-1980', 'Solo', '08123458', 'kristen')
INSERT INTO guru (nuptk, nama, email, jk, tempat_lahir, tanggal_lahir, alamat, no_hp, agama) VALUES ('555554', 'Guru D', 'gurud@gmail.com', 1, 'Solo', '12-12-1980', 'Jakarta', '08123459', 'islam')
INSERT INTO guru (nuptk, nama, email, jk, tempat_lahir, tanggal_lahir, alamat, no_hp, agama) VALUES ('555555', 'Guru E', 'gurue@gmail.com', 1, 'Solo', '12-12-1980', 'Jakarta', '08123459', 'islam')
INSERT INTO guru (nuptk, nama, email, jk, tempat_lahir, tanggal_lahir, alamat, no_hp, agama) VALUES ('555556', 'Guru F', 'guruf@gmail.com', 1, 'Solo', '12-12-1980', 'Jakarta', '08123459', 'islam')
INSERT INTO guru (nuptk, nama, email, jk, tempat_lahir, tanggal_lahir, alamat, no_hp, agama) VALUES ('555557', 'Guru G', 'gurug@gmail.com', 1, 'Solo', '12-12-1980', 'Jakarta', '08123459', 'islam')

INSERT INTO kegiatan (kode, kode_kelompok, nama) VALUES ('keg1', 'km3', 'Pramuka')
INSERT INTO kegiatan (kode, kode_kelompok, nama) VALUES ('keg2', 'km3', 'Osis')
INSERT INTO kegiatan (kode, kode_kelompok, nama) VALUES ('keg3', 'km3', 'Sepak Bola')
INSERT INTO kegiatan (kode, kode_kelompok, nama) VALUES ('keg4', 'km3', 'PMR')

INSERT INTO mengajar (nuptk, kode_mapel, tahun) VALUES ('555551', 'm1', 2022)
INSERT INTO mengajar (nuptk, kode_mapel, tahun) VALUES ('555552', 'm2', 2022)
INSERT INTO mengajar (nuptk, kode_mapel, tahun) VALUES ('555553', 'm3', 2022)
INSERT INTO mengajar (nuptk, kode_mapel, tahun) VALUES ('555554', 'm4', 2022)
INSERT INTO mengajar (nuptk, kode_mapel, tahun) VALUES ('555555', 'm1', 2022)
INSERT INTO mengajar (nuptk, kode_mapel, tahun) VALUES ('555556', 'm2', 2022)

INSERT INTO ambil_kelas (nis, kode_kelas, tahun) VALUES ('1234', 'kelas1', 2020)
INSERT INTO ambil_kelas (nis, kode_kelas, tahun) VALUES ('1234', 'kelas4', 2021)
INSERT INTO ambil_kelas (nis, kode_kelas, tahun) VALUES ('1234', 'kelas7', 2022)
INSERT INTO ambil_kelas (nis, kode_kelas, tahun) VALUES ('1235', 'kelas1', 2020)
INSERT INTO ambil_kelas (nis, kode_kelas, tahun) VALUES ('1235', 'kelas4', 2021)
INSERT INTO ambil_kelas (nis, kode_kelas, tahun) VALUES ('1235', 'kelas7', 2022)
INSERT INTO ambil_kelas (nis, kode_kelas, tahun) VALUES ('1236', 'kelas1', 2020)
INSERT INTO ambil_kelas (nis, kode_kelas, tahun) VALUES ('1236', 'kelas4', 2021)
INSERT INTO ambil_kelas (nis, kode_kelas, tahun) VALUES ('1236', 'kelas7', 2022)
INSERT INTO ambil_kelas (nis, kode_kelas, tahun) VALUES ('1237', 'kelas1', 2020)
INSERT INTO ambil_kelas (nis, kode_kelas, tahun) VALUES ('1237', 'kelas4', 2021)
INSERT INTO ambil_kelas (nis, kode_kelas, tahun) VALUES ('1237', 'kelas7', 2022)
INSERT INTO ambil_kelas (nis, kode_kelas, tahun) VALUES ('1238', 'kelas1', 2020)
INSERT INTO ambil_kelas (nis, kode_kelas, tahun) VALUES ('1238', 'kelas4', 2021)
INSERT INTO ambil_kelas (nis, kode_kelas, tahun) VALUES ('1238', 'kelas7', 2022)
INSERT INTO ambil_kelas (nis, kode_kelas, tahun) VALUES ('1239', 'kelas1', 2020)
INSERT INTO ambil_kelas (nis, kode_kelas, tahun) VALUES ('1239', 'kelas4', 2021)
INSERT INTO ambil_kelas (nis, kode_kelas, tahun) VALUES ('1239', 'kelas7', 2022)
INSERT INTO ambil_kelas (nis, kode_kelas, tahun) VALUES ('1240', 'kelas1', 2022)
INSERT INTO ambil_kelas (nis, kode_kelas, tahun) VALUES ('1241', 'kelas1', 2022)
INSERT INTO ambil_kelas (nis, kode_kelas, tahun) VALUES ('1242', 'kelas1', 2022)
INSERT INTO ambil_kelas (nis, kode_kelas, tahun) VALUES ('1243', 'kelas2', 2022)
INSERT INTO ambil_kelas (nis, kode_kelas, tahun) VALUES ('1244', 'kelas2', 2022)
INSERT INTO ambil_kelas (nis, kode_kelas, tahun) VALUES ('1245', 'kelas4', 2022)
INSERT INTO ambil_kelas (nis, kode_kelas, tahun) VALUES ('1246', 'kelas4', 2022)
INSERT INTO ambil_kelas (nis, kode_kelas, tahun) VALUES ('1247', 'kelas4', 2022)
INSERT INTO ambil_kelas (nis, kode_kelas, tahun) VALUES ('1248', 'kelas5', 2022)
INSERT INTO ambil_kelas (nis, kode_kelas, tahun) VALUES ('1249', 'kelas5', 2022)
INSERT INTO ambil_kelas (nis, kode_kelas, tahun) VALUES ('1250', 'kelas5', 2022)
INSERT INTO ambil_kelas (nis, kode_kelas, tahun) VALUES ('1251', 'kelas6', 2022)
INSERT INTO ambil_kelas (nis, kode_kelas, tahun) VALUES ('1252', 'kelas6', 2022)
INSERT INTO ambil_kelas (nis, kode_kelas, tahun) VALUES ('1253', 'kelas6', 2022)
INSERT INTO ambil_kelas (nis, kode_kelas, tahun) VALUES ('1254', 'kelas7', 2022)
INSERT INTO ambil_kelas (nis, kode_kelas, tahun) VALUES ('1255', 'kelas7', 2022)
INSERT INTO ambil_kelas (nis, kode_kelas, tahun) VALUES ('1256', 'kelas7', 2022)
INSERT INTO ambil_kelas (nis, kode_kelas, tahun) VALUES ('1257', 'kelas8', 2022)
INSERT INTO ambil_kelas (nis, kode_kelas, tahun) VALUES ('1258', 'kelas8', 2022)
INSERT INTO ambil_kelas (nis, kode_kelas, tahun) VALUES ('1259', 'kelas9', 2022)
INSERT INTO ambil_kelas (nis, kode_kelas, tahun) VALUES ('1260', 'kelas9', 2022)
INSERT INTO ambil_kelas (nis, kode_kelas, tahun) VALUES ('1261', 'kelas9', 2022)

INSERT INTO walikelas (id, nuptk, kode_kelas, tahun) VALUES (1, '555551', 'kelas1', '2020')
INSERT INTO walikelas (id, nuptk, kode_kelas, tahun) VALUES (2, '555551', 'kelas1', '2021')
INSERT INTO walikelas (id, nuptk, kode_kelas, tahun) VALUES (3, '555551', 'kelas1', '2022')
INSERT INTO walikelas (id, nuptk, kode_kelas, tahun) VALUES (4, '555552', 'kelas2', '2022')
INSERT INTO walikelas (id, nuptk, kode_kelas, tahun) VALUES (5, '555553', 'kelas3', '2022')
INSERT INTO walikelas (id, nuptk, kode_kelas, tahun) VALUES (6, '555554', 'kelas4', '2022')
INSERT INTO walikelas (id, nuptk, kode_kelas, tahun) VALUES (7, '555555', 'kelas5', '2022')
INSERT INTO walikelas (id, nuptk, kode_kelas, tahun) VALUES (8, '555556', 'kelas6', '2022')
INSERT INTO walikelas (id, nuptk, kode_kelas, tahun) VALUES (9, '555557', 'kelas7', '2022')
INSERT INTO walikelas (id, nuptk, kode_kelas, tahun) VALUES (10, '555557', 'kelas8', '2022')
INSERT INTO walikelas (id, nuptk, kode_kelas, tahun) VALUES (11, '555556', 'kelas9', '2022')

INSERT INTO jadwal (id, kode_kelas, nuptk, hari, jamke, tahun, semester) VALUES (1, 'kelas1', '555551', 'senin', 1, 2022, 1)
INSERT INTO jadwal (id, kode_kelas, nuptk, hari, jamke, tahun, semester) VALUES (2, 'kelas1', '555551', 'senin', 2, 2022, 1)
INSERT INTO jadwal (id, kode_kelas, nuptk, hari, jamke, tahun, semester) VALUES (3, 'kelas1', '555552', 'senin', 3, 2022, 1)
INSERT INTO jadwal (id, kode_kelas, nuptk, hari, jamke, tahun, semester) VALUES (4, 'kelas1', '555552', 'senin', 4, 2022, 1)
INSERT INTO jadwal (id, kode_kelas, nuptk, hari, jamke, tahun, semester) VALUES (5, 'kelas1', '555553', 'senin', 5, 2022, 1)
INSERT INTO jadwal (id, kode_kelas, nuptk, hari, jamke, tahun, semester) VALUES (6, 'kelas1', '555553', 'senin', 6, 2022, 1)
INSERT INTO jadwal (id, kode_kelas, nuptk, hari, jamke, tahun, semester) VALUES (7, 'kelas1', '555554', 'senin', 7, 2022, 1)
INSERT INTO jadwal (id, kode_kelas, nuptk, hari, jamke, tahun, semester) VALUES (8, 'kelas1', '555554', 'senin', 8, 2022, 1)

INSERT INTO jadwal (id, kode_kelas, nuptk, hari, jamke, tahun, semester) VALUES (9, 'kelas2', '555554', 'senin', 1, 2022, 1)
INSERT INTO jadwal (id, kode_kelas, nuptk, hari, jamke, tahun, semester) VALUES (10, 'kelas2', '555554', 'senin', 2, 2022, 1)
INSERT INTO jadwal (id, kode_kelas, nuptk, hari, jamke, tahun, semester) VALUES (11, 'kelas2', '555553', 'senin', 3, 2022, 1)
INSERT INTO jadwal (id, kode_kelas, nuptk, hari, jamke, tahun, semester) VALUES (12, 'kelas2', '555553', 'senin', 4, 2022, 1)
INSERT INTO jadwal (id, kode_kelas, nuptk, hari, jamke, tahun, semester) VALUES (13, 'kelas2', '555552', 'senin', 5, 2022, 1)
INSERT INTO jadwal (id, kode_kelas, nuptk, hari, jamke, tahun, semester) VALUES (14, 'kelas2', '555552', 'senin', 6, 2022, 1)
INSERT INTO jadwal (id, kode_kelas, nuptk, hari, jamke, tahun, semester) VALUES (15, 'kelas2', '555551', 'senin', 7, 2022, 1)
INSERT INTO jadwal (id, kode_kelas, nuptk, hari, jamke, tahun, semester) VALUES (16, 'kelas2', '555551', 'senin', 8, 2022, 1)

INSERT INTO jadwal (id, kode_kelas, nuptk, hari, jamke, tahun, semester) VALUES (17, 'kelas3', '555554', 'senin', 1, 2022, 1)
INSERT INTO jadwal (id, kode_kelas, nuptk, hari, jamke, tahun, semester) VALUES (18, 'kelas3', '555554', 'senin', 2, 2022, 1)
INSERT INTO jadwal (id, kode_kelas, nuptk, hari, jamke, tahun, semester) VALUES (19, 'kelas3', '555553', 'senin', 3, 2022, 1)
INSERT INTO jadwal (id, kode_kelas, nuptk, hari, jamke, tahun, semester) VALUES (20, 'kelas3', '555553', 'senin', 4, 2022, 1)
INSERT INTO jadwal (id, kode_kelas, nuptk, hari, jamke, tahun, semester) VALUES (21, 'kelas3', '555552', 'senin', 5, 2022, 1)
INSERT INTO jadwal (id, kode_kelas, nuptk, hari, jamke, tahun, semester) VALUES (22, 'kelas3', '555552', 'senin', 6, 2022, 1)
INSERT INTO jadwal (id, kode_kelas, nuptk, hari, jamke, tahun, semester) VALUES (23, 'kelas3', '555551', 'senin', 7, 2022, 1)
INSERT INTO jadwal (id, kode_kelas, nuptk, hari, jamke, tahun, semester) VALUES (24, 'kelas3', '555551', 'senin', 8, 2022, 1)

INSERT INTO jadwal (id, kode_kelas, nuptk, hari, jamke, tahun, semester) VALUES (25, 'kelas4', '555554', 'senin', 1, 2022, 3)
INSERT INTO jadwal (id, kode_kelas, nuptk, hari, jamke, tahun, semester) VALUES (26, 'kelas4', '555554', 'senin', 2, 2022, 3)
INSERT INTO jadwal (id, kode_kelas, nuptk, hari, jamke, tahun, semester) VALUES (27, 'kelas4', '555553', 'senin', 3, 2022, 3)
INSERT INTO jadwal (id, kode_kelas, nuptk, hari, jamke, tahun, semester) VALUES (28, 'kelas4', '555553', 'senin', 4, 2022, 3)
INSERT INTO jadwal (id, kode_kelas, nuptk, hari, jamke, tahun, semester) VALUES (29, 'kelas4', '555552', 'senin', 5, 2022, 3)
INSERT INTO jadwal (id, kode_kelas, nuptk, hari, jamke, tahun, semester) VALUES (30, 'kelas4', '555552', 'senin', 6, 2022, 3)
INSERT INTO jadwal (id, kode_kelas, nuptk, hari, jamke, tahun, semester) VALUES (31, 'kelas4', '555551', 'senin', 7, 2022, 3)
INSERT INTO jadwal (id, kode_kelas, nuptk, hari, jamke, tahun, semester) VALUES (32, 'kelas4', '555551', 'senin', 8, 2022, 3)

INSERT INTO jadwal (id, kode_kelas, nuptk, hari, jamke, tahun, semester) VALUES (33, 'kelas5', '555554', 'senin', 1, 2022, 3)
INSERT INTO jadwal (id, kode_kelas, nuptk, hari, jamke, tahun, semester) VALUES (34, 'kelas5', '555554', 'senin', 2, 2022, 3)
INSERT INTO jadwal (id, kode_kelas, nuptk, hari, jamke, tahun, semester) VALUES (35, 'kelas5', '555553', 'senin', 3, 2022, 3)
INSERT INTO jadwal (id, kode_kelas, nuptk, hari, jamke, tahun, semester) VALUES (36, 'kelas5', '555553', 'senin', 4, 2022, 3)
INSERT INTO jadwal (id, kode_kelas, nuptk, hari, jamke, tahun, semester) VALUES (37, 'kelas5', '555552', 'senin', 5, 2022, 3)
INSERT INTO jadwal (id, kode_kelas, nuptk, hari, jamke, tahun, semester) VALUES (38, 'kelas5', '555552', 'senin', 6, 2022, 3)
INSERT INTO jadwal (id, kode_kelas, nuptk, hari, jamke, tahun, semester) VALUES (39, 'kelas5', '555551', 'senin', 7, 2022, 3)
INSERT INTO jadwal (id, kode_kelas, nuptk, hari, jamke, tahun, semester) VALUES (40, 'kelas5', '555551', 'senin', 8, 2022, 3)

INSERT INTO jadwal (id, kode_kelas, nuptk, hari, jamke, tahun, semester) VALUES (41, 'kelas6', '555554', 'senin', 1, 2022, 3)
INSERT INTO jadwal (id, kode_kelas, nuptk, hari, jamke, tahun, semester) VALUES (42, 'kelas6', '555554', 'senin', 2, 2022, 3)
INSERT INTO jadwal (id, kode_kelas, nuptk, hari, jamke, tahun, semester) VALUES (43, 'kelas6', '555553', 'senin', 3, 2022, 3)
INSERT INTO jadwal (id, kode_kelas, nuptk, hari, jamke, tahun, semester) VALUES (44, 'kelas6', '555553', 'senin', 4, 2022, 3)
INSERT INTO jadwal (id, kode_kelas, nuptk, hari, jamke, tahun, semester) VALUES (45, 'kelas6', '555552', 'senin', 5, 2022, 3)
INSERT INTO jadwal (id, kode_kelas, nuptk, hari, jamke, tahun, semester) VALUES (46, 'kelas6', '555552', 'senin', 6, 2022, 3)
INSERT INTO jadwal (id, kode_kelas, nuptk, hari, jamke, tahun, semester) VALUES (47, 'kelas6', '555551', 'senin', 7, 2022, 3)
INSERT INTO jadwal (id, kode_kelas, nuptk, hari, jamke, tahun, semester) VALUES (48, 'kelas6', '555551', 'senin', 8, 2022, 3)

INSERT INTO jadwal (id, kode_kelas, nuptk, hari, jamke, tahun, semester) VALUES (49, 'kelas7', '555554', 'senin', 1, 2022, 5)
INSERT INTO jadwal (id, kode_kelas, nuptk, hari, jamke, tahun, semester) VALUES (50, 'kelas7', '555554', 'senin', 2, 2022, 5)
INSERT INTO jadwal (id, kode_kelas, nuptk, hari, jamke, tahun, semester) VALUES (51, 'kelas7', '555553', 'senin', 3, 2022, 5)
INSERT INTO jadwal (id, kode_kelas, nuptk, hari, jamke, tahun, semester) VALUES (52, 'kelas7', '555553', 'senin', 4, 2022, 5)
INSERT INTO jadwal (id, kode_kelas, nuptk, hari, jamke, tahun, semester) VALUES (53, 'kelas7', '555552', 'senin', 5, 2022, 5)
INSERT INTO jadwal (id, kode_kelas, nuptk, hari, jamke, tahun, semester) VALUES (54, 'kelas7', '555552', 'senin', 6, 2022, 5)
INSERT INTO jadwal (id, kode_kelas, nuptk, hari, jamke, tahun, semester) VALUES (55, 'kelas7', '555551', 'senin', 7, 2022, 5)
INSERT INTO jadwal (id, kode_kelas, nuptk, hari, jamke, tahun, semester) VALUES (56, 'kelas7', '555551', 'senin', 8, 2022, 5)

INSERT INTO jadwal (id, kode_kelas, nuptk, hari, jamke, tahun, semester) VALUES (57, 'kelas8', '555554', 'senin', 1, 2022, 5)
INSERT INTO jadwal (id, kode_kelas, nuptk, hari, jamke, tahun, semester) VALUES (58, 'kelas8', '555554', 'senin', 2, 2022, 5)
INSERT INTO jadwal (id, kode_kelas, nuptk, hari, jamke, tahun, semester) VALUES (59, 'kelas8', '555553', 'senin', 3, 2022, 5)
INSERT INTO jadwal (id, kode_kelas, nuptk, hari, jamke, tahun, semester) VALUES (60, 'kelas8', '555553', 'senin', 4, 2022, 5)
INSERT INTO jadwal (id, kode_kelas, nuptk, hari, jamke, tahun, semester) VALUES (61, 'kelas8', '555552', 'senin', 5, 2022, 5)
INSERT INTO jadwal (id, kode_kelas, nuptk, hari, jamke, tahun, semester) VALUES (62, 'kelas8', '555552', 'senin', 6, 2022, 5)
INSERT INTO jadwal (id, kode_kelas, nuptk, hari, jamke, tahun, semester) VALUES (63, 'kelas8', '555551', 'senin', 7, 2022, 5)
INSERT INTO jadwal (id, kode_kelas, nuptk, hari, jamke, tahun, semester) VALUES (64, 'kelas8', '555551', 'senin', 8, 2022, 5)

INSERT INTO jadwal (id, kode_kelas, nuptk, hari, jamke, tahun, semester) VALUES (65, 'kelas9', '555554', 'senin', 1, 2022, 5)
INSERT INTO jadwal (id, kode_kelas, nuptk, hari, jamke, tahun, semester) VALUES (66, 'kelas9', '555554', 'senin', 2, 2022, 5)
INSERT INTO jadwal (id, kode_kelas, nuptk, hari, jamke, tahun, semester) VALUES (67, 'kelas9', '555553', 'senin', 3, 2022, 5)
INSERT INTO jadwal (id, kode_kelas, nuptk, hari, jamke, tahun, semester) VALUES (68, 'kelas9', '555553', 'senin', 4, 2022, 5)
INSERT INTO jadwal (id, kode_kelas, nuptk, hari, jamke, tahun, semester) VALUES (69, 'kelas9', '555552', 'senin', 5, 2022, 5)
INSERT INTO jadwal (id, kode_kelas, nuptk, hari, jamke, tahun, semester) VALUES (70, 'kelas9', '555552', 'senin', 6, 2022, 5)
INSERT INTO jadwal (id, kode_kelas, nuptk, hari, jamke, tahun, semester) VALUES (71, 'kelas9', '555551', 'senin', 7, 2022, 5)
INSERT INTO jadwal (id, kode_kelas, nuptk, hari, jamke, tahun, semester) VALUES (72, 'kelas9', '555551', 'senin', 8, 2022, 5)
 
INSERT INTO nilai (id, nis, nuptk, kode_mapel, kode_kelas, semester, tahun, nilai, jenis) VALUES (1, '1234', '555551', 'm1', 'kelas1', 1, 2022, 80, 'uh')
INSERT INTO nilai (id, nis, nuptk, kode_mapel, kode_kelas, semester, tahun, nilai, jenis) VALUES (2, '1234', '555551', 'm1', 'kelas1', 1, 2022, 90, 'tugas')
INSERT INTO nilai (id, nis, nuptk, kode_mapel, kode_kelas, semester, tahun, nilai, jenis) VALUES (3, '1234', '555551', 'm1', 'kelas1', 1, 2022, 80, 'uh')
INSERT INTO nilai (id, nis, nuptk, kode_mapel, kode_kelas, semester, tahun, nilai, jenis) VALUES (4, '1234', '555551', 'm1', 'kelas1', 1, 2022, 80, 'tugas')
INSERT INTO nilai (id, nis, nuptk, kode_mapel, kode_kelas, semester, tahun, nilai, jenis) VALUES (5, '1234', '555551', 'm1', 'kelas1', 1, 2022, 100, 'uh')
INSERT INTO nilai (id, nis, nuptk, kode_mapel, kode_kelas, semester, tahun, nilai, jenis) VALUES (6, '1234', '555551', 'm1', 'kelas1', 1, 2022, 60, 'tugas')
INSERT INTO nilai (id, nis, nuptk, kode_mapel, kode_kelas, semester, tahun, nilai, jenis) VALUES (7, '1234', '555551', 'm1', 'kelas1', 1, 2022, 80, 'uts')
INSERT INTO nilai (id, nis, nuptk, kode_mapel, kode_kelas, semester, tahun, nilai, jenis) VALUES (8, '1234', '555551', 'm1', 'kelas1', 1, 2022, 98, 'uas')

INSERT INTO nilai (id, nis, nuptk, kode_mapel, kode_kelas, semester, tahun, nilai, jenis) VALUES (9, '1234', '555552', 'm2', 'kelas1', 1, 2022, 70, 'uh')
INSERT INTO nilai (id, nis, nuptk, kode_mapel, kode_kelas, semester, tahun, nilai, jenis) VALUES (10, '1234', '555552', 'm2', 'kelas1', 1, 2022, 50, 'tugas')
INSERT INTO nilai (id, nis, nuptk, kode_mapel, kode_kelas, semester, tahun, nilai, jenis) VALUES (11, '1234', '555552', 'm2', 'kelas1', 1, 2022, 60, 'uh')
INSERT INTO nilai (id, nis, nuptk, kode_mapel, kode_kelas, semester, tahun, nilai, jenis) VALUES (12, '1234', '555552', 'm2', 'kelas1', 1, 2022, 80, 'tugas')
INSERT INTO nilai (id, nis, nuptk, kode_mapel, kode_kelas, semester, tahun, nilai, jenis) VALUES (13, '1234', '555552', 'm2', 'kelas1', 1, 2022, 50, 'uh')
INSERT INTO nilai (id, nis, nuptk, kode_mapel, kode_kelas, semester, tahun, nilai, jenis) VALUES (14, '1234', '555552', 'm2', 'kelas1', 1, 2022, 80, 'tugas')
INSERT INTO nilai (id, nis, nuptk, kode_mapel, kode_kelas, semester, tahun, nilai, jenis) VALUES (15, '1234', '555552', 'm2', 'kelas1', 1, 2022, 90, 'uts')
INSERT INTO nilai (id, nis, nuptk, kode_mapel, kode_kelas, semester, tahun, nilai, jenis) VALUES (16, '1234', '555552', 'm2', 'kelas1', 1, 2022, 100, 'uas')

INSERT INTO kehadiran (id, nuptk, nis, kode_kelas, kode_mapel, pertemuan_ke, tanggal, semester, tahun, keterangan) VALUES (1, '555551', '1234', 'kelas1', 'm1', 1, '12-20-2022', 1, 2022, 'hadir')
INSERT INTO kehadiran (id, nuptk, nis, kode_kelas, kode_mapel, pertemuan_ke, tanggal, semester, tahun, keterangan) VALUES (2, '555551', '1234', 'kelas1', 'm1', 2, '12-20-2022', 1, 2022, 'hadir')
INSERT INTO kehadiran (id, nuptk, nis, kode_kelas, kode_mapel, pertemuan_ke, tanggal, semester, tahun, keterangan) VALUES (3, '555551', '1234', 'kelas1', 'm1', 3, '12-20-2022', 1, 2022, 'hadir')
INSERT INTO kehadiran (id, nuptk, nis, kode_kelas, kode_mapel, pertemuan_ke, tanggal, semester, tahun, keterangan) VALUES (4, '555551', '1234', 'kelas1', 'm1', 4, '12-20-2022', 1, 2022, 'hadir')
INSERT INTO kehadiran (id, nuptk, nis, kode_kelas, kode_mapel, pertemuan_ke, tanggal, semester, tahun, keterangan) VALUES (5, '555551', '1234', 'kelas1', 'm1', 5, '12-20-2022', 1, 2022, 'alpha')
INSERT INTO kehadiran (id, nuptk, nis, kode_kelas, kode_mapel, pertemuan_ke, tanggal, semester, tahun, keterangan) VALUES (6, '555551', '1234', 'kelas1', 'm1', 6, '12-20-2022', 1, 2022, 'hadir')
INSERT INTO kehadiran (id, nuptk, nis, kode_kelas, kode_mapel, pertemuan_ke, tanggal, semester, tahun, keterangan) VALUES (7, '555551', '1234', 'kelas1', 'm1', 7, '12-20-2022', 1, 2022, 'sakit')
INSERT INTO kehadiran (id, nuptk, nis, kode_kelas, kode_mapel, pertemuan_ke, tanggal, semester, tahun, keterangan) VALUES (8, '555551', '1234', 'kelas1', 'm1', 8, '12-20-2022', 1, 2022, 'sakit')
INSERT INTO kehadiran (id, nuptk, nis, kode_kelas, kode_mapel, pertemuan_ke, tanggal, semester, tahun, keterangan) VALUES (9, '555551', '1234', 'kelas1', 'm1', 9, '12-20-2022', 1, 2022, 'izin')
INSERT INTO kehadiran (id, nuptk, nis, kode_kelas, kode_mapel, pertemuan_ke, tanggal, semester, tahun, keterangan) VALUES (10, '555551', '1234', 'kelas1', 'm1', 10, '12-20-2022', 1, 2022, 'hadir')
INSERT INTO kehadiran (id, nuptk, nis, kode_kelas, kode_mapel, pertemuan_ke, tanggal, semester, tahun, keterangan) VALUES (11, '555551', '1234', 'kelas1', 'm1', 11, '12-20-2022', 1, 2022, 'hadir')
INSERT INTO kehadiran (id, nuptk, nis, kode_kelas, kode_mapel, pertemuan_ke, tanggal, semester, tahun, keterangan) VALUES (12, '555551', '1234', 'kelas1', 'm1', 12, '12-20-2022', 1, 2022, 'hadir')
